"transID","item"
329,"Concealer"
313,"Eye.shadow"
430,"Eyebrow.Pencils"
95,"Lip.Liner"
209,"Foundation"
442,"Mascara"
351,"Brushes"
317,"Bag"
444,"Brushes"
315,"Lip.Gloss"
246,"Bag"
355,"Lip.Liner"
128,"Blush"
131,"Foundation"
288,"Eyeliner"
9,"Concealer"
352,"Lip.Gloss"
355,"Bag"
483,"Blush"
354,"Lip.Gloss"
244,"Brushes"
159,"Foundation"
316,"Eyeliner"
95,"Lipstic"
437,"Bag"
59,"Nail.Polish"
433,"Brushes"
14,"Foundation"
204,"Brushes"
97,"Nail.Polish"
45,"Lip.Gloss"
159,"Concealer"
454,"Mascara"
474,"Eyebrow.Pencils"
240,"Bag"
117,"Lip.Gloss"
298,"Nail.Polish"
192,"Eyeliner"
346,"Blush"
299,"Eyeliner"
189,"Bag"
317,"Eyebrow.Pencils"
245,"Eyeliner"
442,"Concealer"
85,"Lip.Gloss"
468,"Brushes"
398,"Foundation"
392,"Lip.Gloss"
72,"Lipstic"
276,"Mascara"
6,"Eye.shadow"
472,"Concealer"
167,"Lipstic"
10,"Eyeliner"
202,"Lip.Gloss"
217,"Eyebrow.Pencils"
154,"Eyeliner"
137,"Foundation"
352,"Bag"
37,"Lipstic"
81,"Brushes"
479,"Lip.Gloss"
300,"Eye.shadow"
227,"Brushes"
26,"Lipstic"
9,"Eyeliner"
253,"Brushes"
3,"Concealer"
458,"Lipstic"
276,"Nail.Polish"
450,"Concealer"
65,"Foundation"
429,"Nail.Polish"
28,"Lip.Liner"
406,"Mascara"
80,"Mascara"
381,"Eyebrow.Pencils"
366,"Concealer"
156,"Eyeliner"
158,"Foundation"
409,"Eyebrow.Pencils"
156,"Eyeliner"
477,"Lipstic"
172,"Lipstic"
402,"Eyebrow.Pencils"
111,"Concealer"
178,"Lipstic"
17,"Eye.shadow"
44,"Eyebrow.Pencils"
286,"Lipstic"
214,"Mascara"
374,"Lip.Liner"
34,"Nail.Polish"
201,"Lipstic"
394,"Lip.Gloss"
421,"Mascara"
494,"Concealer"
2,"Eyebrow.Pencils"
82,"Brushes"
15,"Lip.Liner"
485,"Nail.Polish"
227,"Lipstic"
203,"Eyeliner"
393,"Lipstic"
490,"Concealer"
190,"Eyeliner"
391,"Eyeliner"
52,"Brushes"
209,"Lipstic"
379,"Foundation"
232,"Bag"
340,"Mascara"
312,"Eyebrow.Pencils"
170,"Blush"
410,"Lipstic"
260,"Lipstic"
452,"Mascara"
467,"Lip.Liner"
64,"Nail.Polish"
220,"Eye.shadow"
186,"Concealer"
318,"Lipstic"
375,"Concealer"
377,"Bag"
489,"Lipstic"
409,"Concealer"
140,"Eye.shadow"
85,"Mascara"
237,"Lip.Gloss"
114,"Blush"
295,"Eyebrow.Pencils"
249,"Lipstic"
30,"Mascara"
384,"Concealer"
94,"Lip.Liner"
415,"Eyebrow.Pencils"
314,"Eyebrow.Pencils"
37,"Lip.Liner"
136,"Concealer"
53,"Concealer"
38,"Brushes"
217,"Nail.Polish"
22,"Lipstic"
249,"Lip.Liner"
211,"Bag"
378,"Bag"
87,"Concealer"
379,"Brushes"
110,"Eyebrow.Pencils"
208,"Bag"
452,"Blush"
76,"Blush"
22,"Mascara"
355,"Mascara"
204,"Nail.Polish"
396,"Lip.Gloss"
463,"Concealer"
197,"Blush"
491,"Concealer"
367,"Eye.shadow"
466,"Concealer"
276,"Mascara"
324,"Nail.Polish"
187,"Eye.shadow"
313,"Mascara"
92,"Foundation"
425,"Eye.shadow"
141,"Bag"
43,"Bag"
323,"Eye.shadow"
263,"Brushes"
15,"Eyebrow.Pencils"
147,"Lipstic"
496,"Eyebrow.Pencils"
82,"Lip.Gloss"
294,"Mascara"
129,"Lip.Liner"
14,"Eye.shadow"
491,"Lipstic"
52,"Mascara"
88,"Eyeliner"
307,"Lipstic"
109,"Lip.Liner"
104,"Brushes"
241,"Eyeliner"
57,"Nail.Polish"
5,"Eyebrow.Pencils"
261,"Blush"
500,"Eyebrow.Pencils"
250,"Bag"
201,"Eyeliner"
104,"Lip.Gloss"
301,"Bag"
7,"Mascara"
270,"Lip.Liner"
7,"Bag"
225,"Foundation"
485,"Eyebrow.Pencils"
459,"Eyebrow.Pencils"
304,"Lip.Gloss"
299,"Bag"
453,"Mascara"
444,"Brushes"
204,"Eyebrow.Pencils"
171,"Lip.Gloss"
191,"Mascara"
244,"Blush"
449,"Lip.Liner"
438,"Eyeliner"
145,"Eye.shadow"
5,"Eye.shadow"
206,"Nail.Polish"
64,"Brushes"
88,"Bag"
249,"Lipstic"
485,"Eye.shadow"
315,"Lip.Liner"
53,"Eye.shadow"
9,"Nail.Polish"
435,"Mascara"
9,"Concealer"
310,"Concealer"
362,"Lip.Gloss"
58,"Concealer"
93,"Lip.Gloss"
268,"Concealer"
414,"Eyebrow.Pencils"
408,"Brushes"
5,"Lip.Liner"
310,"Mascara"
249,"Eyebrow.Pencils"
159,"Bag"
52,"Lip.Gloss"
352,"Lipstic"
270,"Eye.shadow"
292,"Eye.shadow"
78,"Mascara"
445,"Concealer"
403,"Foundation"
258,"Lipstic"
93,"Lip.Liner"
266,"Foundation"
3,"Bag"
102,"Bag"
381,"Nail.Polish"
439,"Nail.Polish"
75,"Blush"
481,"Brushes"
103,"Lipstic"
435,"Lip.Liner"
269,"Foundation"
336,"Lip.Liner"
206,"Brushes"
383,"Mascara"
376,"Mascara"
194,"Eyebrow.Pencils"
335,"Eyeliner"
347,"Brushes"
436,"Eye.shadow"
458,"Blush"
12,"Concealer"
80,"Nail.Polish"
129,"Eyebrow.Pencils"
210,"Nail.Polish"
326,"Concealer"
120,"Nail.Polish"
75,"Eyeliner"
111,"Nail.Polish"
488,"Lip.Liner"
151,"Lip.Liner"
493,"Eyeliner"
13,"Eyeliner"
119,"Foundation"
124,"Eyebrow.Pencils"
21,"Lipstic"
31,"Brushes"
92,"Mascara"
57,"Eyebrow.Pencils"
161,"Eyeliner"
12,"Concealer"
495,"Lipstic"
421,"Nail.Polish"
124,"Brushes"
257,"Lip.Gloss"
255,"Lip.Gloss"
59,"Bag"
417,"Nail.Polish"
436,"Foundation"
74,"Bag"
460,"Nail.Polish"
262,"Concealer"
457,"Lipstic"
130,"Eyeliner"
157,"Eyebrow.Pencils"
158,"Lip.Gloss"
400,"Nail.Polish"
401,"Eyebrow.Pencils"
450,"Bag"
445,"Lip.Liner"
156,"Mascara"
40,"Bag"
236,"Lipstic"
156,"Blush"
359,"Blush"
422,"Mascara"
5,"Bag"
457,"Brushes"
176,"Lip.Liner"
182,"Lipstic"
286,"Concealer"
288,"Mascara"
294,"Nail.Polish"
485,"Lip.Liner"
46,"Eye.shadow"
315,"Nail.Polish"
245,"Blush"
248,"Lipstic"
62,"Brushes"
104,"Eyeliner"
104,"Lipstic"
332,"Mascara"
277,"Lip.Liner"
18,"Nail.Polish"
430,"Lip.Gloss"
250,"Nail.Polish"
444,"Eye.shadow"
475,"Lip.Gloss"
53,"Concealer"
55,"Lip.Liner"
305,"Nail.Polish"
152,"Lip.Gloss"
441,"Foundation"
289,"Blush"
107,"Eye.shadow"
292,"Concealer"
452,"Concealer"
231,"Eyeliner"
419,"Lip.Gloss"
11,"Eyebrow.Pencils"
481,"Eye.shadow"
367,"Concealer"
399,"Eye.shadow"
64,"Foundation"
375,"Brushes"
26,"Foundation"
110,"Eye.shadow"
169,"Eyeliner"
38,"Lip.Liner"
362,"Eyeliner"
153,"Eyebrow.Pencils"
493,"Bag"
216,"Brushes"
125,"Foundation"
311,"Nail.Polish"
366,"Nail.Polish"
73,"Lip.Gloss"
443,"Brushes"
427,"Foundation"
475,"Bag"
83,"Mascara"
238,"Concealer"
340,"Foundation"
264,"Mascara"
151,"Lipstic"
87,"Eye.shadow"
438,"Blush"
335,"Nail.Polish"
13,"Bag"
271,"Eyebrow.Pencils"
360,"Eye.shadow"
127,"Foundation"
9,"Brushes"
39,"Mascara"
366,"Lip.Liner"
324,"Eye.shadow"
291,"Blush"
92,"Mascara"
255,"Brushes"
201,"Bag"
27,"Foundation"
132,"Blush"
259,"Mascara"
1,"Lipstic"
286,"Lipstic"
446,"Mascara"
175,"Eyebrow.Pencils"
445,"Lip.Gloss"
58,"Blush"
339,"Foundation"
249,"Eyeliner"
339,"Foundation"
364,"Lipstic"
339,"Concealer"
160,"Eyeliner"
4,"Lipstic"
242,"Mascara"
391,"Bag"
265,"Concealer"
308,"Foundation"
130,"Eyebrow.Pencils"
328,"Eyeliner"
431,"Eye.shadow"
302,"Bag"
488,"Foundation"
72,"Eye.shadow"
6,"Foundation"
208,"Lip.Liner"
9,"Nail.Polish"
202,"Lipstic"
20,"Lipstic"
105,"Brushes"
478,"Bag"
196,"Lipstic"
425,"Eye.shadow"
405,"Eyeliner"
103,"Eye.shadow"
257,"Foundation"
199,"Mascara"
144,"Bag"
203,"Bag"
154,"Foundation"
463,"Concealer"
474,"Foundation"
82,"Mascara"
230,"Lip.Gloss"
202,"Eye.shadow"
42,"Mascara"
23,"Lip.Liner"
421,"Nail.Polish"
333,"Bag"
300,"Eyebrow.Pencils"
440,"Blush"
362,"Lip.Liner"
23,"Blush"
442,"Brushes"
156,"Concealer"
408,"Eyebrow.Pencils"
223,"Lip.Liner"
387,"Eyebrow.Pencils"
268,"Lipstic"
139,"Eye.shadow"
335,"Nail.Polish"
238,"Brushes"
16,"Concealer"
365,"Eye.shadow"
150,"Eye.shadow"
378,"Lip.Liner"
395,"Lip.Gloss"
490,"Eye.shadow"
293,"Eyebrow.Pencils"
50,"Bag"
480,"Brushes"
366,"Bag"
89,"Lip.Gloss"
149,"Lip.Gloss"
211,"Concealer"
220,"Bag"
111,"Lip.Gloss"
460,"Mascara"
485,"Brushes"
145,"Blush"
204,"Foundation"
294,"Nail.Polish"
282,"Brushes"
410,"Lip.Liner"
100,"Bag"
212,"Blush"
181,"Lip.Liner"
473,"Eye.shadow"
147,"Lipstic"
290,"Bag"
346,"Blush"
497,"Lipstic"
101,"Lipstic"
43,"Eyebrow.Pencils"
309,"Blush"
127,"Blush"
158,"Mascara"
265,"Brushes"
109,"Lip.Gloss"
181,"Brushes"
328,"Blush"
381,"Eye.shadow"
404,"Blush"
489,"Brushes"
466,"Eyeliner"
47,"Brushes"
173,"Nail.Polish"
142,"Nail.Polish"
310,"Brushes"
397,"Eyebrow.Pencils"
365,"Lipstic"
364,"Eyebrow.Pencils"
82,"Nail.Polish"
76,"Concealer"
181,"Bag"
93,"Lip.Gloss"
87,"Lipstic"
79,"Eye.shadow"
477,"Brushes"
73,"Blush"
110,"Lipstic"
331,"Eye.shadow"
263,"Lip.Gloss"
466,"Foundation"
418,"Lip.Liner"
215,"Brushes"
436,"Lip.Gloss"
171,"Bag"
193,"Lipstic"
13,"Mascara"
93,"Eyeliner"
471,"Bag"
83,"Nail.Polish"
357,"Eyebrow.Pencils"
344,"Nail.Polish"
186,"Eyebrow.Pencils"
140,"Lip.Liner"
306,"Mascara"
448,"Eye.shadow"
55,"Eye.shadow"
161,"Mascara"
150,"Nail.Polish"
56,"Eye.shadow"
421,"Bag"
300,"Mascara"
370,"Brushes"
449,"Bag"
242,"Blush"
217,"Lip.Liner"
273,"Mascara"
458,"Brushes"
86,"Eyebrow.Pencils"
15,"Eyebrow.Pencils"
108,"Nail.Polish"
283,"Eyebrow.Pencils"
245,"Nail.Polish"
5,"Nail.Polish"
12,"Brushes"
423,"Blush"
108,"Eyebrow.Pencils"
86,"Blush"
209,"Lipstic"
247,"Blush"
141,"Blush"
200,"Eye.shadow"
383,"Eye.shadow"
15,"Nail.Polish"
341,"Eyeliner"
60,"Lip.Liner"
10,"Eyebrow.Pencils"
312,"Eyebrow.Pencils"
169,"Lip.Liner"
275,"Eye.shadow"
477,"Bag"
20,"Nail.Polish"
415,"Eyebrow.Pencils"
439,"Concealer"
402,"Mascara"
288,"Nail.Polish"
486,"Nail.Polish"
360,"Eyeliner"
284,"Mascara"
155,"Eyeliner"
76,"Mascara"
446,"Lip.Liner"
112,"Lip.Gloss"
461,"Eyebrow.Pencils"
90,"Eyebrow.Pencils"
56,"Brushes"
219,"Eyebrow.Pencils"
144,"Nail.Polish"
218,"Brushes"
320,"Foundation"
289,"Bag"
276,"Blush"
24,"Eyeliner"
161,"Lip.Gloss"
176,"Brushes"
416,"Eyeliner"
312,"Eyebrow.Pencils"
184,"Foundation"
97,"Eye.shadow"
76,"Lip.Gloss"
442,"Lip.Liner"
305,"Lipstic"
231,"Blush"
447,"Lip.Gloss"
451,"Lipstic"
385,"Eyebrow.Pencils"
267,"Eyebrow.Pencils"
364,"Bag"
396,"Lip.Gloss"
203,"Bag"
111,"Mascara"
65,"Nail.Polish"
404,"Lip.Gloss"
34,"Brushes"
151,"Blush"
11,"Bag"
279,"Nail.Polish"
330,"Lip.Gloss"
264,"Lip.Liner"
67,"Lip.Liner"
51,"Eye.shadow"
57,"Eyebrow.Pencils"
199,"Eye.shadow"
411,"Concealer"
337,"Lip.Liner"
497,"Lipstic"
293,"Nail.Polish"
184,"Lip.Liner"
237,"Blush"
147,"Concealer"
448,"Mascara"
465,"Lip.Liner"
220,"Brushes"
446,"Eye.shadow"
397,"Lipstic"
487,"Lip.Liner"
343,"Mascara"
90,"Lipstic"
70,"Mascara"
379,"Mascara"
251,"Eyeliner"
247,"Eyebrow.Pencils"
23,"Eyebrow.Pencils"
329,"Foundation"
414,"Lipstic"
460,"Eyebrow.Pencils"
179,"Eye.shadow"
25,"Eyebrow.Pencils"
19,"Lip.Liner"
260,"Eyeliner"
383,"Lip.Liner"
326,"Eyeliner"
407,"Lip.Gloss"
316,"Concealer"
469,"Bag"
62,"Nail.Polish"
494,"Foundation"
230,"Concealer"
380,"Concealer"
218,"Lipstic"
326,"Nail.Polish"
308,"Eyeliner"
183,"Blush"
450,"Eye.shadow"
107,"Blush"
302,"Eyebrow.Pencils"
474,"Foundation"
316,"Bag"
275,"Mascara"
270,"Nail.Polish"
444,"Foundation"
255,"Eyebrow.Pencils"
126,"Lipstic"
391,"Lip.Gloss"
345,"Foundation"
122,"Lip.Gloss"
54,"Lip.Liner"
451,"Bag"
280,"Nail.Polish"
315,"Eyeliner"
449,"Foundation"
206,"Brushes"
281,"Lip.Liner"
115,"Nail.Polish"
394,"Nail.Polish"
335,"Eyeliner"
193,"Blush"
435,"Eyebrow.Pencils"
378,"Eye.shadow"
289,"Eyebrow.Pencils"
315,"Mascara"
498,"Lip.Liner"
31,"Lip.Gloss"
164,"Mascara"
484,"Lip.Liner"
272,"Eye.shadow"
252,"Bag"
137,"Mascara"
367,"Brushes"
327,"Lipstic"
249,"Eyeliner"
324,"Bag"
99,"Foundation"
15,"Mascara"
349,"Blush"
287,"Nail.Polish"
383,"Foundation"
203,"Mascara"
335,"Foundation"
383,"Eyebrow.Pencils"
405,"Foundation"
482,"Eyeliner"
358,"Bag"
80,"Eyebrow.Pencils"
108,"Nail.Polish"
437,"Brushes"
80,"Nail.Polish"
359,"Lip.Gloss"
301,"Nail.Polish"
145,"Mascara"
67,"Eye.shadow"
452,"Bag"
333,"Eyebrow.Pencils"
246,"Foundation"
43,"Eyebrow.Pencils"
105,"Concealer"
119,"Brushes"
13,"Mascara"
119,"Blush"
36,"Lip.Gloss"
90,"Concealer"
164,"Foundation"
474,"Lip.Gloss"
73,"Foundation"
49,"Eye.shadow"
437,"Eyeliner"
406,"Mascara"
356,"Bag"
52,"Foundation"
479,"Eyebrow.Pencils"
394,"Lipstic"
241,"Brushes"
50,"Lipstic"
92,"Foundation"
422,"Lip.Gloss"
297,"Eyebrow.Pencils"
426,"Eyebrow.Pencils"
98,"Eyebrow.Pencils"
442,"Lip.Liner"
238,"Eye.shadow"
130,"Brushes"
418,"Nail.Polish"
320,"Lip.Gloss"
455,"Eye.shadow"
313,"Blush"
232,"Bag"
462,"Brushes"
73,"Concealer"
191,"Foundation"
117,"Lipstic"
193,"Eyebrow.Pencils"
219,"Bag"
195,"Lipstic"
218,"Eyeliner"
199,"Mascara"
454,"Foundation"
331,"Mascara"
273,"Lip.Liner"
2,"Lipstic"
172,"Lip.Gloss"
334,"Nail.Polish"
86,"Blush"
9,"Nail.Polish"
218,"Mascara"
205,"Eye.shadow"
298,"Lip.Liner"
4,"Eye.shadow"
444,"Brushes"
281,"Eyeliner"
398,"Blush"
213,"Brushes"
122,"Concealer"
370,"Mascara"
260,"Lip.Gloss"
373,"Eye.shadow"
87,"Lip.Liner"
18,"Bag"
219,"Foundation"
326,"Bag"
222,"Lip.Liner"
133,"Eye.shadow"
120,"Eye.shadow"
453,"Brushes"
74,"Lip.Gloss"
465,"Lip.Gloss"
442,"Lip.Liner"
171,"Blush"
226,"Eyebrow.Pencils"
51,"Bag"
431,"Eye.shadow"
384,"Lip.Liner"
89,"Lipstic"
114,"Mascara"
275,"Eyebrow.Pencils"
102,"Bag"
390,"Lip.Liner"
462,"Foundation"
242,"Foundation"
139,"Nail.Polish"
489,"Lipstic"
365,"Eye.shadow"
315,"Concealer"
326,"Foundation"
359,"Eyeliner"
396,"Brushes"
318,"Bag"
439,"Foundation"
141,"Lip.Gloss"
117,"Eye.shadow"
331,"Mascara"
332,"Bag"
224,"Concealer"
111,"Lip.Liner"
475,"Concealer"
375,"Bag"
268,"Lip.Liner"
478,"Bag"
478,"Lipstic"
138,"Eyeliner"
172,"Eye.shadow"
143,"Eyeliner"
428,"Brushes"
261,"Brushes"
361,"Brushes"
444,"Blush"
57,"Foundation"
424,"Mascara"
199,"Lipstic"
287,"Eyeliner"
39,"Eyebrow.Pencils"
83,"Lipstic"
200,"Eye.shadow"
449,"Eyebrow.Pencils"
385,"Blush"
67,"Blush"
211,"Blush"
186,"Foundation"
356,"Eye.shadow"
148,"Eyebrow.Pencils"
40,"Bag"
141,"Eyebrow.Pencils"
415,"Brushes"
311,"Eyebrow.Pencils"
238,"Eyeliner"
318,"Mascara"
373,"Bag"
492,"Lip.Liner"
3,"Lip.Gloss"
37,"Blush"
483,"Nail.Polish"
433,"Lip.Gloss"
53,"Eyeliner"
445,"Lip.Gloss"
276,"Lip.Liner"
293,"Lip.Liner"
113,"Lipstic"
211,"Bag"
470,"Lip.Gloss"
379,"Bag"
476,"Blush"
443,"Lip.Gloss"
455,"Lipstic"
172,"Mascara"
169,"Mascara"
46,"Eyeliner"
241,"Eyebrow.Pencils"
200,"Lip.Liner"
346,"Concealer"
414,"Eye.shadow"
294,"Lipstic"
264,"Mascara"
104,"Eyebrow.Pencils"
83,"Lip.Liner"
142,"Blush"
24,"Concealer"
240,"Bag"
495,"Lip.Liner"
30,"Bag"
240,"Concealer"
291,"Mascara"
57,"Lipstic"
200,"Eyeliner"
191,"Lip.Liner"
464,"Nail.Polish"
141,"Brushes"
162,"Blush"
408,"Eyeliner"
222,"Lip.Gloss"
13,"Nail.Polish"
103,"Bag"
181,"Lip.Gloss"
105,"Nail.Polish"
342,"Foundation"
443,"Eyebrow.Pencils"
127,"Concealer"
158,"Eyebrow.Pencils"
103,"Foundation"
319,"Concealer"
60,"Concealer"
11,"Eyebrow.Pencils"
189,"Lip.Gloss"
135,"Concealer"
81,"Bag"
472,"Blush"
341,"Concealer"
245,"Concealer"
414,"Mascara"
92,"Brushes"
61,"Bag"
444,"Brushes"
235,"Eye.shadow"
283,"Bag"
125,"Eyeliner"
373,"Lip.Liner"
226,"Concealer"
380,"Lip.Liner"
185,"Lip.Liner"
417,"Lip.Liner"
273,"Eyebrow.Pencils"
427,"Nail.Polish"
367,"Mascara"
405,"Lip.Liner"
341,"Lipstic"
361,"Foundation"
432,"Foundation"
253,"Eyeliner"
216,"Lip.Liner"
272,"Bag"
96,"Lip.Gloss"
354,"Eyeliner"
336,"Mascara"
235,"Mascara"
201,"Lip.Liner"
101,"Eye.shadow"
320,"Nail.Polish"
379,"Lip.Liner"
351,"Foundation"
15,"Eye.shadow"
52,"Foundation"
95,"Foundation"
55,"Blush"
458,"Eyebrow.Pencils"
150,"Lip.Gloss"
69,"Mascara"
129,"Mascara"
80,"Eyeliner"
162,"Brushes"
447,"Eyeliner"
15,"Lip.Liner"
108,"Nail.Polish"
71,"Eye.shadow"
339,"Blush"
93,"Bag"
486,"Brushes"
76,"Lip.Liner"
161,"Lipstic"
51,"Nail.Polish"
500,"Brushes"
334,"Lipstic"
435,"Foundation"
349,"Eye.shadow"
218,"Bag"
484,"Eyeliner"
3,"Eyeliner"
278,"Eyeliner"
447,"Concealer"
72,"Eye.shadow"
392,"Lipstic"
354,"Mascara"
64,"Nail.Polish"
142,"Nail.Polish"
232,"Nail.Polish"
244,"Foundation"
33,"Nail.Polish"
88,"Bag"
93,"Lip.Liner"
27,"Foundation"
4,"Lip.Liner"
46,"Eyeliner"
239,"Brushes"
192,"Lip.Liner"
40,"Concealer"
498,"Lipstic"
115,"Bag"
432,"Foundation"
340,"Concealer"
491,"Eyeliner"
60,"Concealer"
126,"Lip.Gloss"
1,"Concealer"
312,"Concealer"
317,"Foundation"
106,"Eyeliner"
472,"Foundation"
248,"Nail.Polish"
494,"Lip.Liner"
253,"Eyeliner"
175,"Eyeliner"
310,"Lipstic"
195,"Nail.Polish"
199,"Foundation"
98,"Concealer"
185,"Eyebrow.Pencils"
207,"Nail.Polish"
253,"Brushes"
265,"Nail.Polish"
